timestamp,raw_json,skill,difficulty,question,choices,answer,explanation,Initial Feedback,P2-Revised JSON,Revised Question,Revised Choices,Revised Answer,Revised Explanation,Low Level Student Simulation,High Level Student Simulation,Question Rating,Explanation Rating,Constructive Feedback,Final JSON SAT Question
2025-01-04 11:24:15,"{""skill"": ""Function of Sentence"", ""difficulty"": ""Easy"", ""question"": ""In the passage below, the author introduces different reasons behind the shift in dietary habits in modern populations.\n\nRecently, researchers have observed a trend in which individuals from various communities are shifting to plant-based diets. _This shift is driven by several factors, including growing awareness of environmental impacts associated with industrial farming and an increased focus on health and personal fitness._ To facilitate this change, numerous organizations have promoted educational campaigns highlighting the benefits of a plant-centric food system.\n\nWhich choice best describes the function of the underlined sentence in the context of the paragraph?"", ""choices"": [""A) It provides examples of the specific methods used to support new dietary practices."", ""B) It identifies the principal motivations behind the behavioral change described."", ""C) It offers contrasting perspectives on the dietary trend mentioned in the text."", ""D) It forecasts the future effects of the observed shift on global food industries.""], ""answer"": ""B"", ""explanation"": ""The underlined sentence functions to clarify the reasons for the transition in dietary habits by describing motivations such as environmental concerns and health consciousness. This explanation frames the discussion provided in the rest of the paragraph, connecting the observed behavior with its underlying causes. Choices A, C, and D misinterpret the role or content of the underlined sentence in the text.""}",Function of Sentence,Easy,"In the passage below, the author introduces different reasons behind the shift in dietary habits in modern populations.

Recently, researchers have observed a trend in which individuals from various communities are shifting to plant-based diets. _This shift is driven by several factors, including growing awareness of environmental impacts associated with industrial farming and an increased focus on health and personal fitness._ To facilitate this change, numerous organizations have promoted educational campaigns highlighting the benefits of a plant-centric food system.

Which choice best describes the function of the underlined sentence in the context of the paragraph?","A) It provides examples of the specific methods used to support new dietary practices.
B) It identifies the principal motivations behind the behavioral change described.
C) It offers contrasting perspectives on the dietary trend mentioned in the text.
D) It forecasts the future effects of the observed shift on global food industries.",B,"The underlined sentence functions to clarify the reasons for the transition in dietary habits by describing motivations such as environmental concerns and health consciousness. This explanation frames the discussion provided in the rest of the paragraph, connecting the observed behavior with its underlying causes. Choices A, C, and D misinterpret the role or content of the underlined sentence in the text.",Previous input perfect; don't change anything.,"{""skill"": ""Function of Sentence"", ""difficulty"": ""Easy"", ""question"": ""In the passage below, the author introduces different reasons behind the shift in dietary habits in modern populations.\n\nRecently, researchers have observed a trend in which individuals from various communities are shifting to plant-based diets. _This shift is driven by several factors, including growing awareness of environmental impacts associated with industrial farming and an increased focus on health and personal fitness._ To facilitate this change, numerous organizations have promoted educational campaigns highlighting the benefits of a plant-centric food system.\n\nWhich choice best describes the function of the underlined sentence in the context of the paragraph?"", ""choices"": [""A) It provides examples of the specific methods used to support new dietary practices."", ""B) It identifies the principal motivations behind the behavioral change described."", ""C) It offers contrasting perspectives on the dietary trend mentioned in the text."", ""D) It forecasts the future effects of the observed shift on global food industries.""], ""answer"": ""B"", ""explanation"": ""The underlined sentence functions to clarify the reasons for the transition in dietary habits by describing motivations such as environmental concerns and health consciousness. This explanation frames the discussion provided in the rest of the paragraph, connecting the observed behavior with its underlying causes. Choices A, C, and D misinterpret the role or content of the underlined sentence in the text.""}","In the passage below, the author introduces different reasons behind the shift in dietary habits in modern populations.

Recently, researchers have observed a trend in which individuals from various communities are shifting to plant-based diets. _This shift is driven by several factors, including growing awareness of environmental impacts associated with industrial farming and an increased focus on health and personal fitness._ To facilitate this change, numerous organizations have promoted educational campaigns highlighting the benefits of a plant-centric food system.

Which choice best describes the function of the underlined sentence in the context of the paragraph?","A) It provides examples of the specific methods used to support new dietary practices.
B) It identifies the principal motivations behind the behavioral change described.
C) It offers contrasting perspectives on the dietary trend mentioned in the text.
D) It forecasts the future effects of the observed shift on global food industries.",B,"The underlined sentence functions to clarify the reasons for the transition in dietary habits by describing motivations such as environmental concerns and health consciousness. This explanation frames the discussion provided in the rest of the paragraph, connecting the observed behavior with its underlying causes. Choices A, C, and D misinterpret the role or content of the underlined sentence in the text.","As a below-average student, I read the paragraph and tried to match the underlined sentence with one of the choices. I might have overlooked the link between the underlined sentence and the broader context of dietary habits, and I could mistakenly select A, thinking it was an example. However, I was unsure and might guess B with some hesitation because it mentions motivations.","As a high-performing student, I approached the question by carefully analyzing the role of the underlined sentence within the context of the paragraph. I identified that the underlined sentence provided reasons supporting the claim that individuals are shifting to plant-based diets. This led me to select B, as it aligns with the idea of explaining motivations.",9,8,"The question is well-designed, clear, and aligned with SAT standards, deserving a high rating. To achieve a perfect score in the explanation, it could include additional detail about why the incorrect choices are wrong more empathetically, to help students process their reasoning when distracted by those. This might matter for students who need deeper guidance in avoiding such traps or understanding why those options don't fit.","[{""skill"": ""Function of Sentence"", ""difficulty"": ""Easy"", ""question"": ""In the passage below, the author introduces different reasons behind the shift in dietary habits in modern populations.\n\nRecently, researchers have observed a trend in which individuals from various communities are shifting to plant-based diets. _This shift is driven by several factors, including growing awareness of environmental impacts associated with industrial farming and an increased focus on health and personal fitness._ To facilitate this change, numerous organizations have promoted educational campaigns highlighting the benefits of a plant-centric food system.\n\nWhich choice best describes the function of the underlined sentence in the context of the paragraph?"", ""choices"": [""A) It provides examples of the specific methods used to support new dietary practices."", ""B) It identifies the principal motivations behind the behavioral change described."", ""C) It offers contrasting perspectives on the dietary trend mentioned in the text."", ""D) It forecasts the future effects of the observed shift on global food industries.""], ""answer"": ""B"", ""explanation"": ""The underlined sentence functions to clarify the reasons for the transition in dietary habits by describing motivations such as environmental concerns and health consciousness. Choice A is incorrect because the sentence does not provide actual methods or examples; instead, it highlights broader motivations. Choice C is incorrect because no contrasting perspectives are provided within the sentence. Finally, choice D does not apply, as the sentence does not speculate about future industry effects but focuses instead on the current drivers of behavior change. Thus, choice B is the correct answer because it accurately reflects the sentence's role in identifying the reasons behind the trend in dietary habits.""}]"
2025-01-04 11:24:40,"{""skill"": ""Function of Sentence"", ""difficulty"": ""Medium"", ""question"": ""Charles Darwin’s theory of evolution revolutionized conventional thinking about the development of life on Earth. Many people, however, mistakenly believe it promotes a principle that evolution is always progressing toward greater complexity and improvement. \\n\\n_\""In reality, Darwin’s theory suggests that characteristics advantageous for survival in a given environment are most likely to be passed on to future generations, resulting in traits that may not inherently be 'better' or more complex.\""_ \\n\\nIndeed, the observation of what thrives in particular ecosystems often counters the association between simplicity and inferiority.\\n\\nWhich choice best describes the function of the underlined sentence in the overall passage?"", ""choices"": [""A) It clarifies a common misconception by referencing the actual tenets of Darwin’s theory."", ""B) It introduces a discussion about the inherent value of complexity in evolutionary biology."", ""C) It argues against the idea that simplicity equates to inferiority in the natural world."", ""D) It provides an example demonstrating survival traits in various ecosystems.""], ""answer"": ""A"", ""explanation"": ""Choice A is correct because the underlined sentence specifically addresses and clarifies the misconception that evolution necessarily leads to more complexity by stating the principle of Darwin’s theory: that traits promoting survival are preserved whether or not they are more complex. This directly relates the passage's mention of Darwin’s theory to how evolution functions. Other choices misrepresent the role of the sentence in the context of the text by focusing on aspects (like ecosystem examples or value discussions) that are less central to the sentence's described function.""}",Function of Sentence,Medium,"Charles Darwin’s theory of evolution revolutionized conventional thinking about the development of life on Earth. Many people, however, mistakenly believe it promotes a principle that evolution is always progressing toward greater complexity and improvement. \n\n_""In reality, Darwin’s theory suggests that characteristics advantageous for survival in a given environment are most likely to be passed on to future generations, resulting in traits that may not inherently be 'better' or more complex.""_ \n\nIndeed, the observation of what thrives in particular ecosystems often counters the association between simplicity and inferiority.\n\nWhich choice best describes the function of the underlined sentence in the overall passage?","A) It clarifies a common misconception by referencing the actual tenets of Darwin’s theory.
B) It introduces a discussion about the inherent value of complexity in evolutionary biology.
C) It argues against the idea that simplicity equates to inferiority in the natural world.
D) It provides an example demonstrating survival traits in various ecosystems.",A,Choice A is correct because the underlined sentence specifically addresses and clarifies the misconception that evolution necessarily leads to more complexity by stating the principle of Darwin’s theory: that traits promoting survival are preserved whether or not they are more complex. This directly relates the passage's mention of Darwin’s theory to how evolution functions. Other choices misrepresent the role of the sentence in the context of the text by focusing on aspects (like ecosystem examples or value discussions) that are less central to the sentence's described function.,Previous input perfect; don't change anything.,"{""skill"": ""Function of Sentence"", ""difficulty"": ""Medium"", ""question"": ""Charles Darwin’s theory of evolution revolutionized conventional thinking about the development of life on Earth. Many people, however, mistakenly believe it promotes a principle that evolution is always progressing toward greater complexity and improvement. \\n\\n_\""In reality, Darwin’s theory suggests that characteristics advantageous for survival in a given environment are most likely to be passed on to future generations, resulting in traits that may not inherently be 'better' or more complex.\""_ \\n\\nIndeed, the observation of what thrives in particular ecosystems often counters the association between simplicity and inferiority.\\n\\nWhich choice best describes the function of the underlined sentence in the overall passage?"", ""choices"": [""A) It clarifies a common misconception by referencing the actual tenets of Darwin’s theory."", ""B) It introduces a discussion about the inherent value of complexity in evolutionary biology."", ""C) It argues against the idea that simplicity equates to inferiority in the natural world."", ""D) It provides an example demonstrating survival traits in various ecosystems.""], ""answer"": ""A"", ""explanation"": ""Choice A is correct because the underlined sentence specifically addresses and clarifies the misconception that evolution necessarily leads to more complexity by stating the principle of Darwin’s theory: that traits promoting survival are preserved whether or not they are more complex. This directly relates the passage's mention of Darwin’s theory to how evolution functions. Other choices misrepresent the role of the sentence in the context of the text by focusing on aspects (like ecosystem examples or value discussions) that are less central to the sentence's described function.""}","Charles Darwin’s theory of evolution revolutionized conventional thinking about the development of life on Earth. Many people, however, mistakenly believe it promotes a principle that evolution is always progressing toward greater complexity and improvement. \n\n_""In reality, Darwin’s theory suggests that characteristics advantageous for survival in a given environment are most likely to be passed on to future generations, resulting in traits that may not inherently be 'better' or more complex.""_ \n\nIndeed, the observation of what thrives in particular ecosystems often counters the association between simplicity and inferiority.\n\nWhich choice best describes the function of the underlined sentence in the overall passage?","A) It clarifies a common misconception by referencing the actual tenets of Darwin’s theory.
B) It introduces a discussion about the inherent value of complexity in evolutionary biology.
C) It argues against the idea that simplicity equates to inferiority in the natural world.
D) It provides an example demonstrating survival traits in various ecosystems.",A,Choice A is correct because the underlined sentence specifically addresses and clarifies the misconception that evolution necessarily leads to more complexity by stating the principle of Darwin’s theory: that traits promoting survival are preserved whether or not they are more complex. This directly relates the passage's mention of Darwin’s theory to how evolution functions. Other choices misrepresent the role of the sentence in the context of the text by focusing on aspects (like ecosystem examples or value discussions) that are less central to the sentence's described function.,"I look at the sentence and think it explains something about Darwin's theory. The question asks what the function of the sentence is. While reading the options, A mentions clarifying a misconception, and that might fit as the first part of the passage discusses a misunderstanding about Darwin's ideas. The other options confuse me a little because they talk about ecosystems and simplicity, which seem mentioned later. I'm not entirely sure, but I pick A because it sounds correct and starts clarifying something.","I read through the passage and identify that the passage explains Darwin's theory of evolution while debunking a misconception about it. The sentence itself directly clarifies this misconception by explaining that evolution selects traits beneficial for survival rather than inherently 'better' traits. When I compare the choices, A seems to match this understanding as it mentions ""clarifying a common misconception about Darwin's theory."" The other choices seem off-topic or misinterpret the function of the sentence. So I confidently choose A.",9,9,"The question is logically designed and aligns well with assessing the SAT skill of 'Function of Sentence.' It provides a clear underlined sentence and asks the student to evaluate its role within the context, which challenges their understanding in a relevant way. A minor improvement could involve rephrasing the choices slightly for even more precision and eliminating any potential confusion regarding terms like 'ecosystem' or 'inherent value of complexity,' which might sidetrack some students. The explanation successfully clarifies why the correct answer works and points out why the other choices are wrong. Adding even more detail on why each choice closely or loosely aligns with the sentence's role could make it slightly more instructive.","{""skill"": ""Function of Sentence"", ""difficulty"": ""Medium"", ""question"": ""Charles Darwin’s theory of evolution revolutionized conventional thinking about the development of life on Earth. Many people, however, mistakenly believe it promotes a principle that evolution is always progressing toward greater complexity and improvement. \\n\\n_\""In reality, Darwin’s theory suggests that characteristics advantageous for survival in a given environment are most likely to be passed on to future generations, resulting in traits that may not inherently be 'better' or more complex.\""_ \\n\\nIndeed, the observation of what thrives in particular ecosystems often counters the association between simplicity and inferiority.\\n\\nWhich choice best describes the function of the underlined sentence in the overall passage?"", ""choices"": [""A) It clarifies a common misconception by referencing the actual tenets of Darwin’s theory."", ""B) It introduces a discussion about the inherent value of complexity in evolutionary biology."", ""C) It argues against the idea that simplicity equates to inferiority in the natural world."", ""D) It provides an example demonstrating survival traits in various ecosystems.""], ""answer"": ""A"", ""explanation"": ""Choice A is correct because the underlined sentence specifically addresses and clarifies the misconception that evolution necessarily leads to more complexity by stating the principle of Darwin’s theory: that traits promoting survival are preserved whether or not they are more complex. This directly relates the passage's mention of Darwin’s theory to how evolution functions. Other choices misrepresent the role of the sentence in the context of the text by focusing on aspects (like ecosystem examples or value discussions) that are less central to the sentence's described function.""}"
2025-01-04 11:24:56,"{""skill"": ""Function of Sentence"", ""difficulty"": ""Hard"", ""question"": ""Researchers have recently observed that certain species of fish can navigate complex mazes, responding to light cues with a level of precision previously thought to be exclusive to mammals. _These findings have prompted a re-evaluation of vertebrate sensory perception, demonstrating that sophisticated navigation features are more widespread than previously assumed._ The implications extend to evolutionary biology, where such capabilities challenge existing models of neurological development across species.\n\nWhat is the primary function of the underlined sentence in the context of the passage?"", ""choices"": [""A) To introduce the idea that fish possess other mammal-like capabilities."", ""B) To detail how the research findings affect broader scientific theories."", ""C) To question the validity of previous experiments on vertebrate behavior."", ""D) To describe the specific methods used in the fish navigation experiments.""], ""answer"": ""B"", ""explanation"": ""The underlined sentence discusses how the observed capabilities of fish require a reassessment of widespread assumptions in scientific thought, specifically relating to sensory perception and navigation, thereby connecting the research findings to their broader implications in evolutionary biology. Its primary purpose is to detail how broader scientific theories are impacted by the findings.""}",Function of Sentence,Hard,"Researchers have recently observed that certain species of fish can navigate complex mazes, responding to light cues with a level of precision previously thought to be exclusive to mammals. _These findings have prompted a re-evaluation of vertebrate sensory perception, demonstrating that sophisticated navigation features are more widespread than previously assumed._ The implications extend to evolutionary biology, where such capabilities challenge existing models of neurological development across species.

What is the primary function of the underlined sentence in the context of the passage?","A) To introduce the idea that fish possess other mammal-like capabilities.
B) To detail how the research findings affect broader scientific theories.
C) To question the validity of previous experiments on vertebrate behavior.
D) To describe the specific methods used in the fish navigation experiments.",B,"The underlined sentence discusses how the observed capabilities of fish require a reassessment of widespread assumptions in scientific thought, specifically relating to sensory perception and navigation, thereby connecting the research findings to their broader implications in evolutionary biology. Its primary purpose is to detail how broader scientific theories are impacted by the findings.",**Previous input perfect; don't change anything.**,"{""skill"": ""Function of Sentence"", ""difficulty"": ""Hard"", ""question"": ""Researchers have recently observed that certain species of fish can navigate complex mazes, responding to light cues with a level of precision previously thought to be exclusive to mammals. _These findings have prompted a re-evaluation of vertebrate sensory perception, demonstrating that sophisticated navigation features are more widespread than previously assumed._ The implications extend to evolutionary biology, where such capabilities challenge existing models of neurological development across species.\n\nWhat is the primary function of the underlined sentence in the context of the passage?"", ""choices"": [""A) To introduce the idea that fish possess other mammal-like capabilities."", ""B) To detail how the research findings affect broader scientific theories."", ""C) To question the validity of previous experiments on vertebrate behavior."", ""D) To describe the specific methods used in the fish navigation experiments.""], ""answer"": ""B"", ""explanation"": ""The underlined sentence discusses how the observed capabilities of fish require a reassessment of widespread assumptions in scientific thought, specifically relating to sensory perception and navigation, thereby connecting the research findings to their broader implications in evolutionary biology. Its primary purpose is to detail how broader scientific theories are impacted by the findings.""}","Researchers have recently observed that certain species of fish can navigate complex mazes, responding to light cues with a level of precision previously thought to be exclusive to mammals. _These findings have prompted a re-evaluation of vertebrate sensory perception, demonstrating that sophisticated navigation features are more widespread than previously assumed._ The implications extend to evolutionary biology, where such capabilities challenge existing models of neurological development across species.

What is the primary function of the underlined sentence in the context of the passage?","A) To introduce the idea that fish possess other mammal-like capabilities.
B) To detail how the research findings affect broader scientific theories.
C) To question the validity of previous experiments on vertebrate behavior.
D) To describe the specific methods used in the fish navigation experiments.",B,"The underlined sentence discusses how the observed capabilities of fish require a reassessment of widespread assumptions in scientific thought, specifically relating to sensory perception and navigation, thereby connecting the research findings to their broader implications in evolutionary biology. Its primary purpose is to detail how broader scientific theories are impacted by the findings.","Okay, so I need to figure out what the sentence is doing. It says something about 'prompting a re-evaluation' and affecting 'evolutionary biology.' I think it's tying the research to something larger. Let me look at the answers: (A) talks about fish being like mammals; hmm, that's in the passage. (C) talks about questioning experiments; it doesn't really seem to challenge them though. (D) is about methods, but I don't see that either. (B) says it's affecting scientific theories, and re-evaluation seems to fit that. So I think I'll choose (B).","I read the question and prompt carefully. The underlined sentence suggests broader implications of the research on fish navigation. By re-evaluating vertebrate sensory perception, the sentence highlights changes in scientific theory. I then go through the choices: (A) mentions mammal-like capabilities, which isn't the focus here. (C) questions previous experiments, which doesn't fit as this is about extending current understanding. (D) mentions specific methods, which the underlined sentence doesn't detail. Therefore, (B) is correct as it connects the findings to their broader impact on scientific perspectives.",9,8,"The question is well-designed and clearly targets the skill of understanding the function of a sentence within its context, which is a critical aspect of the SAT Reading section. The answer options effectively differentiate between common types of misinterpretations and the correct reasoning. To make it a perfect 10, the question could be improved by structuring the options to be even more parallel in focus so that choices are more distinct (i.e., avoiding any overlap of content focus, which could potentially confuse students). The explanation is good but could more concisely summarize why each incorrect answer choice doesn't fit, modeling a thorough yet efficient reasoning process during the test. For instance, explicitly indicating the mismatch between the underlined sentence's focus and the details of the distractor choices could help less advanced students discern the right answer more effectively.","[{""skill"": ""Function of Sentence"", ""difficulty"": ""Hard"", ""question"": ""Researchers have recently observed that certain species of fish can navigate complex mazes, responding to light cues with a level of precision previously thought to be exclusive to mammals. _These findings have prompted a re-evaluation of vertebrate sensory perception, demonstrating that sophisticated navigation features are more widespread than previously assumed._ The implications extend to evolutionary biology, where such capabilities challenge existing models of neurological development across species.\n\nWhat is the primary function of the underlined sentence in the context of the passage?"", ""choices"": [""A) To emphasize the unexpectedness of the research findings regarding fish navigation."", ""B) To connect the specific findings about fish navigation to their broader significance in sensory perception."", ""C) To question the reliability of conclusions drawn from previous studies on vertebrate behavior."", ""D) To outline potential experimental approaches for further investigation into fish navigation.""], ""answer"": ""B"", ""explanation"": ""The underlined sentence relates the research findings to their broader implications, particularly emphasizing how these findings necessitate a re-evaluation of sensory perception models across vertebrates. Choice B captures this connection most accurately. The other options do not correctly reflect the purpose of the sentence, e.g., Choice A focuses on surprise rather than broader implications, Choice C incorrectly implies skepticism, and Choice D incorrectly suggests detailed methodology.""}]"
